City_ID,City,Country,Date,Lat,Lng,Max Temp,Humidity,Cloudiness,Wind Speed
0,Vredendal,ZA,2022-08-01 04:44:56,-31.6683,18.5012,45.95,59,0,6.42
1,Matara,LK,2022-08-01 04:44:56,5.9485,80.5353,78.51,89,98,15.99
2,Bethel,US,2022-08-01 04:44:57,41.3712,-73.414,74.25,88,75,3.44
3,Praia,CV,2022-08-01 04:44:58,14.9215,-23.5087,77.54,73,75,11.5
4,Vila,PT,2022-08-01 04:44:58,42.0304,-8.1588,63.48,51,0,4.36
5,Castro,BR,2022-08-01 04:44:59,-24.7911,-50.0119,51.24,80,0,1.66
6,Avarua,CK,2022-08-01 04:44:59,-21.2078,-159.775,73.45,88,40,10.36
7,Tiksi,RU,2022-08-01 04:45:00,71.6872,128.8694,40.17,93,100,17.05
8,Chapais,CA,2022-08-01 04:45:00,49.7834,-74.8492,56.98,84,95,3.58
9,Kavieng,PG,2022-08-01 04:45:01,-2.5744,150.7967,85.06,71,82,17.45
10,Zabol,AF,2022-08-01 04:45:02,32.25,67.25,79.09,25,0,9.06
11,Sarlat-La-Caneda,FR,2022-08-01 04:45:03,44.889,1.2166,60.49,72,0,0.98
12,Yichun,CN,2022-08-01 04:45:04,47.7,128.9,86.41,49,17,8.86
13,Mataura,NZ,2022-08-01 04:45:05,-46.1927,168.8643,49.48,74,92,6.13
14,Villarrobledo,ES,2022-08-01 04:45:05,39.2699,-2.6012,77.77,70,0,13.62
15,Yellowknife,CA,2022-08-01 04:40:46,62.456,-114.3525,61.32,51,20,3.44
16,Beringovskiy,RU,2022-08-01 04:45:07,63.05,179.3167,50.0,62,95,2.19
17,Rosario,AR,2022-08-01 04:41:31,-32.9468,-60.6393,53.98,83,0,3.44
18,Taikang,CN,2022-08-01 04:45:07,46.8333,124.4167,88.92,52,0,9.46
19,Vaini,TO,2022-08-01 04:45:08,-21.2,-175.2,78.96,94,75,6.91
20,Aykhal,RU,2022-08-01 04:45:09,66.0,111.5,53.46,89,100,15.5
21,Atuona,PF,2022-08-01 04:45:09,-9.8,-139.0333,77.25,74,13,11.41
22,Rikitea,PF,2022-08-01 04:45:10,-23.1203,-134.9692,72.54,74,99,25.64
23,Albany,US,2022-08-01 04:41:33,42.6001,-73.9662,70.21,79,74,2.89
24,Ushuaia,AR,2022-08-01 04:40:26,-54.8,-68.3,35.26,93,0,1.14
25,Bengkulu,ID,2022-08-01 04:45:11,-3.8004,102.2655,84.49,68,54,6.69
26,Saint-Philippe,RE,2022-08-01 04:45:12,-21.3585,55.7679,72.99,72,41,7.56
27,Tygda,RU,2022-08-01 04:45:12,53.1167,126.3333,85.62,37,13,4.63
28,Waddan,LY,2022-08-01 04:45:13,29.1614,16.139,77.4,51,0,2.48
29,Svetlyy,RU,2022-08-01 04:45:14,54.675,20.1347,64.45,86,12,8.46
30,Hambantota,LK,2022-08-01 04:45:14,6.1241,81.1185,80.94,94,75,12.66
31,Celestun,MX,2022-08-01 04:45:15,20.8667,-90.4,79.07,87,61,11.07
32,Bluff,NZ,2022-08-01 04:45:15,-46.6,168.3333,49.8,75,100,17.9
33,Hualmay,PE,2022-08-01 04:45:16,-11.0964,-77.6139,60.55,86,12,9.24
34,Quesnel,CA,2022-08-01 04:41:53,52.9999,-122.5029,73.9,64,40,2.3
35,Verkhoyansk,RU,2022-08-01 04:45:17,67.5447,133.385,84.42,36,98,14.65
36,Windhoek,NA,2022-08-01 04:40:27,-22.5594,17.0832,49.1,40,0,5.75
37,Bilma,NE,2022-08-01 04:45:18,18.6853,12.9164,86.13,44,77,5.66
38,Tuatapere,NZ,2022-08-01 04:45:18,-46.1333,167.6833,47.25,86,100,9.78
39,Arraial Do Cabo,BR,2022-08-01 04:43:17,-22.9661,-42.0278,68.05,75,0,11.01
40,Baykit,RU,2022-08-01 04:45:19,61.67,96.37,64.9,84,100,6.11
41,Constitucion,CL,2022-08-01 04:40:57,-35.3333,-72.4167,48.54,90,95,6.38
42,Mehamn,NO,2022-08-01 04:45:20,71.0357,27.8492,58.95,88,75,3.44
43,New Norfolk,AU,2022-08-01 04:45:21,-42.7826,147.0587,53.92,81,41,3.0
44,Bathsheba,BB,2022-08-01 04:45:21,13.2167,-59.5167,83.01,90,40,19.57
45,Lengshuijiang,CN,2022-08-01 04:45:22,27.6881,111.4294,96.17,45,0,2.84
46,Punta Arenas,CL,2022-08-01 04:40:35,-53.15,-70.9167,42.91,75,75,16.11
47,Kilindoni,TZ,2022-08-01 04:45:23,-7.9139,39.6668,74.8,79,2,9.82
48,Sainte-Anne-Des-Monts,CA,2022-08-01 04:45:23,49.124,-66.4924,57.07,94,79,4.61
49,Torbay,CA,2022-08-01 04:45:24,47.6666,-52.7314,66.27,82,0,12.66
50,Issia,CI,2022-08-01 04:45:24,6.4922,-6.5856,70.11,91,100,3.29
51,Souillac,MU,2022-08-01 04:45:25,-20.5167,57.5167,71.98,78,75,12.66
52,Coihaique,CL,2022-08-01 04:45:25,-45.5752,-72.0662,35.55,80,0,4.61
53,Nuuk,GL,2022-08-01 04:45:27,64.1835,-51.7216,46.11,79,99,5.88
54,Dikson,RU,2022-08-01 04:45:28,73.5069,80.5464,41.32,93,100,12.28
55,Vanimo,PG,2022-08-01 04:45:28,-2.6741,141.3028,85.28,68,89,8.88
56,Rio Gallegos,AR,2022-08-01 04:41:16,-51.6226,-69.2181,37.45,70,0,10.36
57,Arlit,NE,2022-08-01 04:45:29,18.7369,7.3853,87.24,49,50,12.86
58,Qaqortoq,GL,2022-08-01 04:44:16,60.7167,-46.0333,44.38,94,100,1.97
59,Black River,JM,2022-08-01 04:45:31,18.0264,-77.8487,79.99,77,1,3.31
60,Bredasdorp,ZA,2022-08-01 04:45:31,-34.5322,20.0403,40.78,85,0,3.56
61,Kodinsk,RU,2022-08-01 04:45:32,58.6881,99.1844,76.53,64,80,5.68
62,Ballina,AU,2022-08-01 04:45:33,-28.8667,153.5667,66.02,77,100,5.59
63,Clyde River,CA,2022-08-01 04:45:33,70.4692,-68.5914,37.63,93,100,2.3
64,Zharkent,KZ,2022-08-01 04:45:35,44.1628,80.0,85.12,28,73,2.24
65,Corinto,GR,2022-08-01 04:45:36,37.9407,22.9573,81.9,55,0,4.61
66,Carnarvon,AU,2022-08-01 04:45:36,-24.8667,113.6333,67.32,83,100,20.13
67,Daru,PG,2022-08-01 04:45:37,-9.0763,143.2092,80.26,83,96,11.65
68,Nikolskoye,RU,2022-08-01 04:45:38,59.7035,30.7861,64.87,66,100,5.37
69,Conde,BR,2022-08-01 04:45:38,-7.2597,-34.9075,72.86,94,75,4.61
70,Upernavik,GL,2022-08-01 04:45:39,72.7868,-56.1549,47.5,62,53,5.68
71,Alihe,CN,2022-08-01 04:45:39,50.5667,123.7167,87.21,33,15,6.13
72,Cape Town,ZA,2022-08-01 04:42:56,-33.9258,18.4232,55.38,77,0,7.0
73,Tecoanapa,MX,2022-08-01 04:45:40,16.5167,-98.75,78.76,86,90,4.05
74,Manta,EC,2022-08-01 04:45:40,-0.95,-80.7333,71.38,83,20,6.91
75,Santa Isabel,BR,2022-08-01 04:45:41,-23.3156,-46.2214,51.1,92,0,2.15
76,Ribas Do Rio Pardo,BR,2022-08-01 04:45:43,-20.4431,-53.7592,66.83,44,16,2.89
77,Pisco,PE,2022-08-01 04:45:43,-13.7,-76.2167,60.85,82,100,2.3
78,Thompson,CA,2022-08-01 04:45:44,55.7435,-97.8558,50.16,100,75,3.44
79,Tofield,CA,2022-08-01 04:45:45,53.3668,-112.6686,61.38,96,97,6.26
80,Sinnamary,GF,2022-08-01 04:45:45,5.3833,-52.95,77.77,86,82,6.33
81,Roald,NO,2022-08-01 04:45:46,62.5833,6.1333,55.17,81,40,3.44
82,Butaritari,KI,2022-08-01 04:45:46,3.0707,172.7902,82.4,73,76,14.52
83,Shache,CN,2022-08-01 04:45:47,38.4167,77.2406,80.85,29,100,19.44
84,Cayenne,GF,2022-08-01 04:44:56,4.9333,-52.3333,79.09,1,76,0.0
85,Nanortalik,GL,2022-08-01 04:45:48,60.1432,-45.2371,45.41,95,94,8.14
86,Gamba,GA,2022-08-01 04:45:48,-2.65,10.0,70.79,93,83,6.26
87,Gashua,NG,2022-08-01 04:45:49,12.871,11.0482,78.91,61,100,7.18
88,Ostrovnoy,RU,2022-08-01 04:45:51,68.0531,39.5131,56.97,74,97,4.59
89,Saiha,IN,2022-08-01 04:45:52,22.4833,92.9667,87.26,56,95,3.36
90,Naraini,IN,2022-08-01 04:45:52,25.1833,80.4833,92.64,51,99,10.09
91,Mar Del Plata,AR,2022-08-01 04:42:48,-38.0023,-57.5575,51.87,87,69,4.0
92,Busselton,AU,2022-08-01 04:45:53,-33.65,115.3333,60.89,73,69,26.28
93,Flin Flon,CA,2022-08-01 04:45:54,54.7682,-101.865,52.5,87,66,6.04
94,Killam,CA,2022-08-01 04:45:54,52.7834,-111.8518,60.75,100,97,4.61
95,Cidreira,BR,2022-08-01 04:45:55,-30.1811,-50.2056,57.25,91,5,6.55
96,Hobart,AU,2022-08-01 04:45:30,-42.8794,147.3294,54.27,65,75,23.02
97,Port Elizabeth,ZA,2022-08-01 04:45:55,-33.918,25.5701,48.31,82,0,2.3
98,Sumbe,AO,2022-08-01 04:45:56,-11.2061,13.8437,65.43,85,53,5.08
99,Campeche,MX,2022-08-01 04:45:56,19.0,-90.5,73.17,96,100,1.34
100,Port Alfred,ZA,2022-08-01 04:45:57,-33.5906,26.891,51.67,76,0,9.53
101,East London,ZA,2022-08-01 04:45:57,-33.0153,27.9116,47.34,71,0,8.05
102,Zhezkazgan,KZ,2022-08-01 04:45:58,47.8043,67.7144,78.78,34,0,8.95
103,Kaitangata,NZ,2022-08-01 04:45:58,-46.2817,169.8464,47.21,70,100,5.84
104,Aden,YE,2022-08-01 04:45:59,12.7794,45.0367,84.07,76,14,9.46
105,Visnes,NO,2022-08-01 04:45:59,59.3556,5.2242,53.82,71,20,14.97
106,Jamestown,US,2022-08-01 04:45:52,42.097,-79.2353,68.72,88,40,5.75
107,Lahaina,US,2022-08-01 04:46:00,20.8783,-156.6825,82.4,82,10,17.11
108,Barrow,US,2022-08-01 04:46:01,71.2906,-156.7887,35.62,87,100,9.22
109,Lagoa,PT,2022-08-01 04:46:02,39.05,-27.9833,72.28,74,0,7.78
110,Yiyang,CN,2022-08-01 04:44:56,28.5892,112.3283,96.49,44,6,4.72
111,Salvador,SV,2022-08-01 04:46:02,13.8333,-88.9167,75.06,96,96,3.56
112,Faanui,PF,2022-08-01 04:46:03,-16.4833,-151.75,78.42,73,13,26.19
113,Tateyama,JP,2022-08-01 04:46:04,34.9833,139.8667,84.96,77,65,17.25
114,Chuy,UY,2022-08-01 04:46:04,-33.6971,-53.4616,46.33,90,23,2.33
115,Talcahuano,CL,2022-08-01 04:46:05,-36.7167,-73.1167,47.88,93,75,3.44
116,Rio Grande,BR,2022-08-01 04:44:41,-32.035,-52.0986,51.94,95,6,4.52
117,Narsaq,GL,2022-08-01 04:46:06,60.9167,-46.05,48.42,90,100,3.67
118,Grindavik,IS,2022-08-01 04:46:07,63.8424,-22.4338,48.67,71,75,12.66
119,Rawson,AR,2022-08-01 04:46:07,-43.3002,-65.1023,45.21,82,100,8.75
120,Fereydun Kenar,IR,2022-08-01 04:46:08,36.6864,52.5225,80.82,83,0,0.0
121,Pevek,RU,2022-08-01 04:46:08,69.7008,170.3133,55.15,47,1,9.33
122,Great Yarmouth,GB,2022-08-01 04:46:09,52.6083,1.7305,62.85,83,83,6.29
123,Chernyshevskiy,RU,2022-08-01 04:46:10,63.0128,112.4714,77.23,51,22,5.99
124,Saint-Augustin,CA,2022-08-01 04:46:10,51.226,-58.6502,66.22,66,97,7.4
125,Puerto Escondido,MX,2022-08-01 04:45:53,15.85,-97.0667,81.43,65,100,3.44
126,Bloomfield,US,2022-08-01 04:44:32,40.8068,-74.1854,78.85,70,100,8.05
127,Sambava,MG,2022-08-01 04:46:12,-14.2667,50.1667,71.08,76,18,10.4
128,Madang,PG,2022-08-01 04:46:12,-5.2246,145.7966,85.41,67,100,8.99
129,Rosario Oeste,BR,2022-08-01 04:46:13,-14.8361,-56.4275,70.66,37,0,3.15
130,Barcelona,ES,2022-08-01 04:45:49,41.3888,2.159,80.55,75,20,12.66
131,Kingaroy,AU,2022-08-01 04:46:14,-26.5333,151.8333,64.47,60,93,6.08
132,San Patricio,US,2022-08-01 04:46:14,28.017,-97.5169,84.09,68,25,12.55
133,Ca Mau,VN,2022-08-01 04:46:15,9.1769,105.15,85.8,72,100,7.99
134,Halifax,CA,2022-08-01 04:41:37,44.6453,-63.5724,69.69,84,74,4.61
135,Santiago De Chuco,PE,2022-08-01 04:46:16,-8.15,-78.1833,49.19,76,10,0.6
136,Geraldton,AU,2022-08-01 04:46:16,-28.7667,114.6,68.41,73,75,36.82
137,Flinders,AU,2022-08-01 04:46:17,-34.5833,150.8552,67.17,45,3,11.01
138,Port Hedland,AU,2022-08-01 04:46:18,-20.3167,118.5667,82.45,30,10,9.22
139,Progreso,MX,2022-08-01 04:45:17,21.2833,-89.6667,81.1,85,100,10.94
140,Luderitz,NA,2022-08-01 04:46:18,-26.6481,15.1594,55.18,65,27,2.15
141,Ravar,IR,2022-08-01 04:46:19,31.2656,56.8055,88.02,19,0,3.96
142,Hermanus,ZA,2022-08-01 04:46:19,-34.4187,19.2345,38.8,75,0,7.7
143,Alofi,NU,2022-08-01 04:46:20,-19.0595,-169.9187,78.69,78,40,10.36
144,Ribeira Grande,PT,2022-08-01 04:46:20,38.5167,-28.7,73.4,75,11,7.11
145,College,US,2022-08-01 04:46:21,64.8569,-147.8028,66.58,69,75,8.05
146,Esperance,AU,2022-08-01 04:46:22,-33.8667,121.9,63.54,50,82,20.36
147,Aklavik,CA,2022-08-01 04:46:22,68.2191,-135.0107,53.35,68,99,13.0
148,Pocerski Pricinovic,RS,2022-08-01 04:46:23,44.7222,19.7072,60.85,51,0,7.4
149,Salaga,GH,2022-08-01 04:46:24,8.5508,-0.5188,71.13,96,100,8.14
150,Nedjo,ET,2022-08-01 04:46:24,9.5046,35.5019,56.57,100,100,2.48
151,Puerto Ayora,EC,2022-08-01 04:46:25,-0.7393,-90.3518,70.56,92,94,9.1
152,Saskylakh,RU,2022-08-01 04:46:25,71.9167,114.0833,45.05,78,100,9.08
153,Sao Filipe,CV,2022-08-01 04:46:26,14.8961,-24.4956,74.97,76,62,5.77
154,Kruisfontein,ZA,2022-08-01 04:46:26,-34.0033,24.7314,43.99,82,0,5.21
155,Qaanaaq,GL,2022-08-01 04:46:27,77.484,-69.3632,43.21,67,88,7.14
156,Klaksvik,FO,2022-08-01 04:46:28,62.2266,-6.589,50.7,81,82,11.12
157,Pacific Grove,US,2022-08-01 04:45:04,36.6177,-121.9166,65.01,86,0,3.44
158,Tilichiki,RU,2022-08-01 04:46:29,60.4667,166.1,56.3,69,35,8.77
159,Panguipulli,CL,2022-08-01 04:46:29,-39.6333,-72.3333,40.89,99,94,1.25
160,Batken,KG,2022-08-01 04:46:30,39.8333,71.0,64.83,42,31,6.44
161,Najran,SA,2022-08-01 04:46:30,17.4924,44.1277,83.05,55,45,5.55
162,Kabalo,CD,2022-08-01 04:46:31,-6.05,26.9167,73.47,72,2,0.31
163,Conceicao Do Araguaia,BR,2022-08-01 04:46:32,-8.2578,-49.2647,72.27,71,27,2.28
164,Gornopravdinsk,RU,2022-08-01 04:46:32,60.05,69.9,65.62,43,95,10.67
165,Marawi,PH,2022-08-01 04:46:33,7.9986,124.2928,79.23,72,100,4.23
166,Dunmore Town,BS,2022-08-01 04:46:33,25.5,-76.65,83.43,78,85,16.26
167,Norman Wells,CA,2022-08-01 04:46:34,65.282,-126.8329,69.84,52,40,6.91
168,Le Port,RE,2022-08-01 04:46:34,-20.9373,55.2919,75.25,54,6,5.68
169,Labuhan,ID,2022-08-01 04:46:35,-6.8844,112.2051,85.86,60,84,9.08
170,Hilo,US,2022-08-01 04:42:00,19.7297,-155.09,76.28,91,100,12.66
171,Kodiak,US,2022-08-01 04:46:36,57.79,-152.4072,63.91,72,75,0.0
172,Alice Springs,AU,2022-08-01 04:46:37,-23.7,133.8833,72.95,23,33,6.91
173,Sibolga,ID,2022-08-01 04:46:37,1.7427,98.7792,86.97,62,64,5.06
174,Cherskiy,RU,2022-08-01 04:46:38,68.75,161.3,73.53,30,34,15.77
175,Ponta Do Sol,PT,2022-08-01 04:46:38,32.6667,-17.1,70.43,81,8,4.81
176,Chokurdakh,RU,2022-08-01 04:46:39,70.6333,147.9167,80.13,35,94,12.24
177,Meulaboh,ID,2022-08-01 04:46:39,4.1363,96.1285,85.21,66,98,6.96
178,Yerbogachen,RU,2022-08-01 04:46:40,61.2767,108.0108,80.62,46,52,3.42
179,Dryden,CA,2022-08-01 04:44:10,49.7833,-92.7503,57.49,100,100,6.91
180,Ahipara,NZ,2022-08-01 04:46:41,-35.1667,173.1667,55.31,66,10,4.81
181,Tarut,SA,2022-08-01 04:46:41,26.5733,50.0369,93.4,57,100,5.95
182,Deputatskiy,RU,2022-08-01 04:46:42,69.3,139.9,74.57,50,99,18.37
183,Isangel,VU,2022-08-01 04:46:43,-19.55,169.2667,75.06,83,74,15.77
184,Lebu,CL,2022-08-01 04:46:44,-37.6167,-73.65,45.81,84,100,5.95
185,Panguna,PG,2022-08-01 04:46:44,-6.3164,155.4848,80.17,62,72,3.8
186,Dalby,AU,2022-08-01 04:46:45,-27.1833,151.2667,62.11,66,100,9.46
187,Airai,TL,2022-08-01 04:46:46,-8.9266,125.4092,75.96,47,64,2.66
188,Edd,ER,2022-08-01 04:46:46,13.9297,41.6925,91.15,49,80,9.35
189,Emborion,GR,2022-08-01 04:46:47,40.4833,21.55,69.3,58,50,5.12
190,Sretensk,RU,2022-08-01 04:46:48,52.2453,117.7093,80.42,43,87,9.1
191,Robertsport,LR,2022-08-01 04:46:49,6.7533,-11.3686,77.16,81,100,9.55
192,Hasaki,JP,2022-08-01 04:46:49,35.7333,140.8333,93.6,69,85,10.47
193,Bafata,GW,2022-08-01 04:46:50,12.1667,-14.75,72.9,97,100,3.6
194,Kangaatsiaq,GL,2022-08-01 04:46:50,68.3065,-53.4641,41.56,90,22,3.04
195,Cap Malheureux,MU,2022-08-01 04:46:51,-19.9842,57.6142,73.47,70,2,5.01
196,Avera,US,2022-08-01 04:46:51,33.194,-82.5271,76.51,54,20,5.44
197,Hofn,IS,2022-08-01 04:46:52,64.2539,-15.2082,47.86,65,28,13.15
198,Sao Mateus,BR,2022-08-01 04:46:53,-18.7161,-39.8589,66.99,85,61,2.77
199,Kapaa,US,2022-08-01 04:46:53,22.0752,-159.319,85.98,72,40,17.27
200,Dali,CN,2022-08-01 04:46:54,25.7,100.1833,69.19,81,99,1.99
201,Mount Gambier,AU,2022-08-01 04:46:54,-37.8333,140.7667,57.11,72,40,18.41
202,Basco,PH,2022-08-01 04:46:55,20.4487,121.9702,82.87,76,100,4.85
203,Ilulissat,GL,2022-08-01 04:46:56,69.2167,-51.1,53.62,40,79,19.57
204,Fortuna,US,2022-08-01 04:46:57,40.5982,-124.1573,61.93,86,37,1.01
205,Ubatuba,BR,2022-08-01 04:46:57,-23.4339,-45.0711,62.13,82,0,3.09
206,Port-Gentil,GA,2022-08-01 04:46:58,-0.7193,8.7815,74.08,85,48,12.66
207,Agirish,RU,2022-08-01 04:46:59,61.9247,63.0231,66.56,40,42,7.18
208,Mildura,AU,2022-08-01 04:46:59,-34.2,142.15,62.08,57,0,11.36
209,Bambous Virieux,MU,2022-08-01 04:47:00,-20.3428,57.7575,73.22,78,75,12.66
210,Marabba,SD,2022-08-01 04:47:00,12.35,32.1833,76.59,76,91,2.66
211,Touros,BR,2022-08-01 04:47:01,-5.1989,-35.4608,75.56,85,93,12.82
212,Sola,VU,2022-08-01 04:47:01,-13.8833,167.55,79.81,77,20,15.17
213,Shirokiy,RU,2022-08-01 04:47:02,49.758,129.523,80.19,77,100,5.03
214,Bejar,ES,2022-08-01 04:47:02,40.3864,-5.7634,71.33,40,0,4.56
215,Chunskiy,RU,2022-08-01 04:47:03,56.0815,99.6342,80.69,45,16,6.73
216,Yeppoon,AU,2022-08-01 04:47:04,-23.1333,150.7333,69.58,70,99,7.58
217,Iqaluit,CA,2022-08-01 04:47:04,63.7506,-68.5145,47.93,81,75,0.0
218,Kaputa,ZM,2022-08-01 04:47:05,-8.4689,29.6619,68.16,52,2,1.43
219,Yabelo,ET,2022-08-01 04:47:05,4.8833,38.0833,59.63,77,100,7.49
220,Leningradskiy,RU,2022-08-01 04:47:06,69.3833,178.4167,49.96,67,51,10.42
221,Tombouctou,ML,2022-08-01 04:47:06,20.0,-3.0,89.89,32,83,11.34
222,Amapa,BR,2022-08-01 04:47:07,1.0,-52.0,70.16,100,90,1.81
223,Maputo,MZ,2022-08-01 04:45:27,-25.9653,32.5892,62.28,72,40,12.66
224,Aksarka,RU,2022-08-01 04:47:08,66.5606,67.7975,62.58,48,31,7.47
225,Havoysund,NO,2022-08-01 04:47:09,70.9963,24.6622,59.23,86,81,6.67
226,Ankola,IN,2022-08-01 04:47:09,14.6667,74.3,83.07,77,89,11.05
227,Tuktoyaktuk,CA,2022-08-01 04:47:10,69.4541,-133.0374,57.2,82,40,6.91
228,Honningsvag,NO,2022-08-01 04:47:10,70.9821,25.9704,58.75,72,0,4.61
229,Whitstable,GB,2022-08-01 04:47:11,51.3607,1.0257,64.2,91,100,5.53
230,Georgetown,MY,2022-08-01 04:47:12,5.4112,100.3354,88.9,76,20,5.75
231,Horsham,GB,2022-08-01 04:47:13,51.064,-0.3272,65.26,89,40,5.75
232,Jiexiu,CN,2022-08-01 04:47:14,37.0244,111.9125,89.89,45,11,3.96
233,Stromness,GB,2022-08-01 04:47:15,58.965,-3.296,50.88,87,66,5.99
234,Tasiilaq,GL,2022-08-01 04:47:15,65.6145,-37.6368,42.96,59,5,4.21
235,Saldanha,ZA,2022-08-01 04:47:16,-33.0117,17.9442,39.25,78,0,10.6
236,Provideniya,RU,2022-08-01 04:47:17,64.3833,-173.3,50.36,71,0,4.47
237,Yulara,AU,2022-08-01 04:47:18,-25.2406,130.9889,72.95,26,51,8.32
238,Kahului,US,2022-08-01 04:47:18,20.8947,-156.47,82.42,68,40,14.97
239,Les Cayes,HT,2022-08-01 04:47:19,18.2,-73.75,80.19,85,59,3.15
240,Novosineglazovskiy,RU,2022-08-01 04:47:20,55.0401,61.3792,62.31,77,37,8.3
241,Victoria,HK,2022-08-01 04:43:54,22.2855,114.1577,93.38,67,96,7.0
242,Bac Lieu,VN,2022-08-01 04:47:21,9.285,105.7244,87.08,66,100,8.81
243,Arandis,NA,2022-08-01 04:47:21,-22.4167,14.9667,39.94,90,5,6.85
244,Husavik,IS,2022-08-01 04:47:22,66.0449,-17.3389,41.49,96,100,8.57
245,Baza,ES,2022-08-01 04:46:58,37.4907,-2.7726,69.73,84,0,1.99
246,Mahebourg,MU,2022-08-01 04:47:23,-20.4081,57.7,73.26,78,75,12.66
247,Vila Velha,BR,2022-08-01 04:47:24,-20.3297,-40.2925,69.94,85,75,3.44
248,Nome,US,2022-08-01 04:45:39,64.5011,-165.4064,58.15,72,100,12.66
249,Jalu,LY,2022-08-01 04:47:25,29.0331,21.5482,79.32,50,0,6.44
250,Vestmannaeyjar,IS,2022-08-01 04:47:26,63.4427,-20.2734,48.49,78,80,14.74
251,Kieta,PG,2022-08-01 04:47:26,-6.2167,155.6333,84.25,71,74,6.64
252,Mumford,GH,2022-08-01 04:47:27,5.2618,-0.759,73.38,85,100,14.09
253,Longyan,CN,2022-08-01 04:47:28,25.1072,117.0225,93.7,50,22,1.88
254,Saint-Pierre,RE,2022-08-01 04:47:28,-21.3393,55.4781,74.91,59,0,4.61
255,Sitka,US,2022-08-01 04:47:29,57.0531,-135.33,57.09,94,100,6.91
256,Dingle,PH,2022-08-01 04:47:30,10.9995,122.6711,85.95,69,100,4.05
257,Machali,CL,2022-08-01 04:47:30,-34.1833,-70.6667,51.76,62,85,2.21
258,Ajdabiya,LY,2022-08-01 04:47:31,30.7554,20.2263,76.01,82,0,5.41
259,Kichera,RU,2022-08-01 04:47:31,55.9375,110.0997,58.19,98,100,1.92
260,Teocaltiche,MX,2022-08-01 04:47:32,21.4333,-102.5833,68.54,55,99,6.82
261,Goya,AR,2022-08-01 04:47:32,-29.14,-59.2626,53.2,82,0,4.54
262,Bud,US,2022-08-01 04:47:33,39.447,-86.1758,72.68,89,11,5.1
263,Vao,NC,2022-08-01 04:47:33,-22.6667,167.4833,69.84,81,89,23.85
264,Tiznit,MA,2022-08-01 04:47:34,29.5833,-9.5,83.07,28,21,2.26
265,Boyuibe,BO,2022-08-01 04:47:34,-20.4167,-63.2833,65.41,54,43,4.27
266,North Bend,US,2022-08-01 04:47:35,43.4065,-124.2243,64.24,100,75,6.91
267,Sile,TR,2022-08-01 04:47:35,41.1754,29.6133,77.67,80,5,7.29
268,Zeya,RU,2022-08-01 04:47:36,53.75,127.2667,82.36,47,55,4.97
269,Port Blair,IN,2022-08-01 04:47:36,11.6667,92.75,86.04,79,40,11.5
270,Szczecinek,PL,2022-08-01 04:47:37,53.7079,16.6994,58.68,82,100,3.83
271,Komsomolskiy,UZ,2022-08-01 04:47:37,40.4272,71.7189,88.52,22,6,6.91
272,Anchorage,US,2022-08-01 04:43:57,61.2181,-149.9003,67.93,72,0,8.05
273,Dunedin,NZ,2022-08-01 04:45:08,-45.8742,170.5036,47.8,73,84,6.33
274,Capreol,CA,2022-08-01 04:47:38,46.706,-80.9225,63.07,77,0,6.91
275,Fort Nelson,CA,2022-08-01 04:47:39,58.8053,-122.7002,63.99,77,100,4.61
276,Eureka,US,2022-08-01 04:47:39,40.8021,-124.1637,62.2,86,52,5.01
277,Cabo San Lucas,MX,2022-08-01 04:47:40,22.8909,-109.9124,84.51,80,28,1.99
278,Yumen,CN,2022-08-01 04:47:41,40.2833,97.2,85.96,25,66,13.44
279,Tabuny,RU,2022-08-01 04:47:41,52.7773,78.7896,78.08,48,34,7.05
280,Norfolk,US,2022-08-01 04:47:41,42.1668,-71.2495,75.97,73,0,4.61
281,Polunochnoye,RU,2022-08-01 04:47:42,60.8697,60.4153,64.56,50,92,4.7
282,Garmsar,IR,2022-08-01 04:47:43,35.2182,52.3409,90.19,22,19,6.76
283,Urumqi,CN,2022-08-01 04:44:02,43.801,87.6005,81.55,39,0,6.71
284,Tabuk,PH,2022-08-01 04:47:44,17.4189,121.4443,83.44,77,100,2.71
285,Latung,PH,2022-08-01 04:47:44,5.5,120.8833,82.54,71,99,5.46
286,Kontagora,NG,2022-08-01 04:47:45,10.3999,5.4695,69.15,97,51,6.69
287,Teya,RU,2022-08-01 04:47:45,60.3778,92.6267,63.77,44,100,7.9
288,Port Hawkesbury,CA,2022-08-01 04:47:46,45.6169,-61.3485,68.74,79,0,6.91
289,Moyale,KE,2022-08-01 04:47:46,3.5167,39.0584,64.81,74,100,12.48
290,Vilyuysk,RU,2022-08-01 04:47:47,63.7553,121.6247,66.58,93,100,4.72
291,Calafell,ES,2022-08-01 04:47:48,41.2,1.5683,77.61,83,21,4.23
292,Sakakah,SA,2022-08-01 04:47:48,29.9697,40.2064,87.37,18,79,2.37
293,Pasir Gudang,MY,2022-08-01 04:47:49,1.4584,103.8805,88.23,70,40,5.75
294,Yaan,NG,2022-08-01 04:47:50,7.3833,8.5667,71.04,97,100,6.06
295,Duartina,BR,2022-08-01 04:47:50,-22.4144,-49.4039,58.24,57,0,4.0
296,Ust-Maya,RU,2022-08-01 04:47:51,60.4167,134.5333,88.27,35,63,10.8
297,Kabinda,CD,2022-08-01 04:47:51,-6.1333,24.4833,68.79,66,59,3.49
298,Nioki,CD,2022-08-01 04:47:52,-2.7167,17.6833,71.1,70,74,2.98
299,Carauari,BR,2022-08-01 04:46:07,-4.8828,-66.8958,76.6,79,91,0.56
300,Sao Jose Da Coroa Grande,BR,2022-08-01 04:47:53,-8.8978,-35.1478,73.87,85,23,10.98
301,Kavaratti,IN,2022-08-01 04:47:53,10.5669,72.642,78.21,84,100,24.38
302,Port Keats,AU,2022-08-01 04:47:54,-14.25,129.55,84.09,40,64,11.3
303,Coquimbo,CL,2022-08-01 04:47:54,-29.9533,-71.3436,51.53,100,0,3.44
304,Makarov,RU,2022-08-01 04:47:56,48.6333,142.8,61.95,73,35,8.79
305,Fowa,NG,2022-08-01 04:47:57,8.9167,6.4,71.69,96,94,2.62
306,Kiruna,SE,2022-08-01 04:47:57,67.8557,20.2251,47.32,93,38,5.75
307,Wukari,NG,2022-08-01 04:47:59,7.85,9.7833,71.4,93,99,7.02
308,Bousso,TD,2022-08-01 04:47:59,10.4795,16.7117,73.08,92,100,6.08
309,Dariba,IN,2022-08-01 04:48:00,24.95,74.1333,80.71,74,68,13.67
310,Shihezi,CN,2022-08-01 04:48:00,44.3,86.0333,88.48,25,8,3.38
311,Price,US,2022-08-01 04:48:01,39.5994,-110.8107,77.11,53,40,6.91
312,Taseyevo,RU,2022-08-01 04:48:01,57.2169,94.8978,77.94,56,13,9.4
313,Lorengau,PG,2022-08-01 04:48:02,-2.0226,147.2712,83.19,77,99,10.29
314,Buritizeiro,BR,2022-08-01 04:48:03,-17.3511,-44.9622,66.79,67,31,2.89
315,Karaton,ID,2022-08-01 04:48:03,-6.3424,106.1045,88.75,47,78,5.01
316,Bereda,ES,2022-08-01 04:48:04,43.2686,-7.5406,60.84,92,69,5.57
317,Zyryanka,RU,2022-08-01 04:48:04,65.75,150.85,84.07,31,100,14.47
318,San Roque,ES,2022-08-01 04:48:05,36.2107,-5.3842,72.43,88,75,9.22
319,Ketchikan,US,2022-08-01 04:43:39,55.3422,-131.6461,63.07,77,75,8.05
320,Berbera,SO,2022-08-01 04:48:06,10.4396,45.0143,91.54,39,93,32.39
321,Viedma,AR,2022-08-01 04:48:06,-40.8135,-62.9967,44.64,72,100,5.7
322,Biltine,TD,2022-08-01 04:48:07,14.5333,20.9167,76.84,75,100,8.23
323,Kizhinga,RU,2022-08-01 04:48:07,51.8462,109.9097,81.61,35,52,11.54
324,Yelizovo,RU,2022-08-01 04:48:08,53.1873,158.3805,64.54,59,75,11.18
325,Batouri,CM,2022-08-01 04:48:08,4.4333,14.3667,65.88,95,100,3.44
326,Odessa,UA,2022-08-01 04:45:13,46.4775,30.7326,69.03,69,100,5.73
327,Velsk,RU,2022-08-01 04:48:09,61.0701,42.0983,61.14,70,8,5.03
328,Farkhor,TJ,2022-08-01 04:48:10,37.4922,69.4036,91.06,22,52,2.98
329,Key West,US,2022-08-01 04:48:10,24.5557,-81.7826,89.6,70,75,14.97
330,Te Anau,NZ,2022-08-01 04:48:11,-45.4167,167.7167,42.51,95,100,7.85
331,Bose,IT,2022-08-01 04:48:11,45.4612,8.0137,73.29,55,0,4.34
332,Barra Dos Coqueiros,BR,2022-08-01 04:48:12,-10.9089,-37.0386,77.02,78,20,8.05
333,Fayetteville,US,2022-08-01 04:44:12,35.0527,-78.8784,82.92,78,0,8.05
334,Karachi,PK,2022-08-01 04:44:33,24.9056,67.0822,82.22,89,75,13.8
335,Petropavlovsk-Kamchatskiy,RU,2022-08-01 04:48:13,53.0452,158.6483,63.19,59,75,11.18
336,Balkanabat,TM,2022-08-01 04:48:14,39.5108,54.3671,89.46,36,0,3.24
337,Atar,MR,2022-08-01 04:48:14,20.5169,-13.0499,84.11,60,5,12.06
338,Maningrida,AU,2022-08-01 04:48:15,-12.0667,134.2667,85.98,44,88,11.54
339,Goundi,TD,2022-08-01 04:48:15,9.3627,17.366,70.54,96,100,3.89
340,Sorong,ID,2022-08-01 04:48:16,-0.8833,131.25,81.73,76,25,6.17
341,Virginia Beach,US,2022-08-01 04:45:05,36.8529,-75.978,77.02,95,75,4.61
342,Tiarei,PF,2022-08-01 04:48:17,-17.5333,-149.3333,78.82,69,38,25.95
343,Heilbron,ZA,2022-08-01 04:48:17,-27.2812,27.9709,46.09,85,43,15.19
344,Mazara Del Vallo,IT,2022-08-01 04:48:18,37.6641,12.588,77.94,72,0,6.64
345,Hithadhoo,MV,2022-08-01 04:48:18,-0.6,73.0833,81.12,71,93,15.26
346,Peniche,PT,2022-08-01 04:48:19,39.3558,-9.3811,67.28,96,0,4.85
347,High Level,CA,2022-08-01 04:48:19,58.5169,-117.136,62.71,82,75,0.0
348,Soligalich,RU,2022-08-01 04:48:20,59.0778,42.2864,62.04,64,65,3.71
349,Dukat,RU,2022-08-01 04:48:20,62.55,155.55,61.16,49,33,15.23
350,Fairbanks,US,2022-08-01 04:48:21,64.8378,-147.7164,66.6,70,75,8.05
351,Saint George,US,2022-08-01 04:48:22,37.1041,-113.5841,84.63,56,0,13.8
352,Jishou,CN,2022-08-01 04:48:22,28.3167,109.7167,90.81,59,20,2.64
353,Baghdad,IQ,2022-08-01 04:46:30,33.3406,44.4009,91.31,24,2,4.61
354,Villamontes,BO,2022-08-01 04:48:23,-21.25,-63.5,67.08,50,56,3.8
355,Talnakh,RU,2022-08-01 04:48:24,69.4865,88.3972,51.21,48,8,23.13
356,Mizan Teferi,ET,2022-08-01 04:48:24,6.9833,35.5833,60.31,98,100,1.48
357,Mount Isa,AU,2022-08-01 04:45:25,-20.7333,139.5,83.97,20,0,6.91
358,Bluefield,US,2022-08-01 04:48:25,37.2698,-81.2223,71.06,94,75,8.05
359,Nikki,BJ,2022-08-01 04:48:26,9.9401,3.2108,70.18,88,90,9.66
360,Baoqing,CN,2022-08-01 04:48:26,46.3317,132.2111,84.74,66,96,9.04
361,San Buenaventura,MX,2022-08-01 04:48:27,27.0833,-101.5333,89.47,36,85,8.46
362,Ancud,CL,2022-08-01 04:48:28,-41.8697,-73.8203,42.22,84,91,1.7
363,Nemuro,JP,2022-08-01 04:48:28,43.3236,145.575,59.52,82,100,8.23
364,Madera,US,2022-08-01 04:47:25,37.1666,-119.8343,91.49,32,88,1.99
365,Colares,PT,2022-08-01 04:48:29,38.7992,-9.4469,75.33,67,0,8.01
366,San Blas,MX,2022-08-01 04:48:30,21.5167,-105.2667,79.03,77,98,2.75
367,Palana,RU,2022-08-01 04:48:31,59.1167,159.9667,54.9,69,5,4.7
368,Port Lincoln,AU,2022-08-01 04:48:31,-34.7333,135.8667,58.75,70,5,20.4
369,Uppsala,SE,2022-08-01 04:48:32,60.0,17.75,62.04,77,92,8.05
370,Bonthe,SL,2022-08-01 04:48:32,7.5264,-12.505,76.35,83,100,8.1
371,Yangambi,CD,2022-08-01 04:48:33,0.8102,24.4336,68.67,99,100,0.49
372,Jind,IN,2022-08-01 04:48:34,29.3167,76.3167,85.82,70,75,3.78
373,Jacareacanga,BR,2022-08-01 04:48:34,-6.2222,-57.7528,73.83,81,50,2.71
374,Tessalit,ML,2022-08-01 04:48:35,20.1986,1.0114,88.14,18,19,1.5
375,Nishihara,JP,2022-08-01 04:48:35,26.1842,127.7558,85.66,88,100,16.11
376,Ayan,RU,2022-08-01 04:48:36,56.45,138.1667,56.86,96,100,12.01
377,Swift Current,CA,2022-08-01 04:46:05,50.2834,-107.8014,70.61,68,20,25.32
378,Hastings,GB,2022-08-01 04:48:37,50.8552,0.5729,64.78,99,99,9.66
379,Veraval,IN,2022-08-01 04:48:37,20.9,70.3667,82.87,75,90,15.01
380,Katsuura,JP,2022-08-01 04:48:38,35.1333,140.3,87.67,70,88,16.84
381,Oriximina,BR,2022-08-01 04:48:38,-1.7656,-55.8661,72.41,95,75,2.46
382,Jumla,NP,2022-08-01 04:48:39,29.2747,82.1838,72.09,72,92,4.83
383,Padang,ID,2022-08-01 04:48:40,-0.9492,100.3543,87.85,68,100,4.12
384,Saint Anthony,US,2022-08-01 04:48:40,45.0205,-93.218,76.89,79,0,12.66
385,Hervey Bay,AU,2022-08-01 04:48:41,-25.2986,152.8535,70.02,70,100,3.0
386,Moindou,NC,2022-08-01 04:48:41,-21.6924,165.677,73.17,75,78,10.07
387,Bosaso,SO,2022-08-01 04:48:42,11.2842,49.1816,93.18,36,0,19.57
388,Bandarbeyla,SO,2022-08-01 04:48:42,9.4942,50.8122,81.68,58,31,28.14
389,Keflavik,IS,2022-08-01 04:48:43,64.0049,-22.5624,48.63,71,75,12.66
390,Pangody,RU,2022-08-01 04:48:44,65.85,74.4859,59.67,50,0,13.91
391,Margate,GB,2022-08-01 04:48:44,51.3813,1.3862,63.3,87,99,1.99
392,Caravelas,BR,2022-08-01 04:48:45,-17.7125,-39.2481,69.85,88,64,5.79
393,Meridian,US,2022-08-01 04:44:08,43.6121,-116.3915,91.18,30,0,8.05
394,Lompoc,US,2022-08-01 04:46:23,34.6391,-120.4579,75.34,82,0,3.44
395,Trujillo,PE,2022-08-01 04:48:46,-8.116,-79.03,60.76,88,34,6.91
396,Mogadishu,SO,2022-08-01 04:46:46,2.0371,45.3438,78.67,78,40,16.11
397,Hibbing,US,2022-08-01 04:48:40,47.4272,-92.9377,67.39,83,100,6.91
398,Belmonte,BR,2022-08-01 04:48:47,-15.8631,-38.8828,70.92,87,8,4.61
399,Marzuq,YE,2022-08-01 04:48:48,14.4,46.4667,77.47,59,58,8.99
400,Marmaris,TR,2022-08-01 04:48:48,36.855,28.2742,81.1,46,0,5.14
401,Kudahuvadhoo,MV,2022-08-01 04:48:49,2.6708,72.8944,81.88,74,100,18.5
402,Vardo,NO,2022-08-01 04:48:49,70.3705,31.1107,51.78,100,100,2.3
403,Mercedes,AR,2022-08-01 04:48:50,-34.6515,-59.4307,47.03,85,5,5.41
404,Iskateley,RU,2022-08-01 04:48:51,67.6803,53.1512,69.19,51,100,12.97
405,Kilrush,IE,2022-08-01 04:48:51,52.6397,-9.4833,53.35,75,90,5.99
406,Nago,JP,2022-08-01 04:48:52,26.5881,127.9761,86.43,84,100,12.26
407,Bilibino,RU,2022-08-01 04:48:52,68.0546,166.4372,65.86,40,79,8.97
408,Maldonado,UY,2022-08-01 04:48:53,-34.6667,-54.9167,45.79,87,9,3.87
409,Axim,GH,2022-08-01 04:48:53,4.8699,-2.2405,74.32,81,100,12.33
410,Ponta Delgada,PT,2022-08-01 04:48:54,37.7333,-25.6667,70.52,78,75,5.75
411,Simao,CN,2022-08-01 04:48:54,22.7886,100.9748,73.44,91,100,1.77
412,Itarema,BR,2022-08-01 04:48:55,-2.9248,-39.9167,76.59,85,2,14.36
413,Siocon,PH,2022-08-01 04:48:56,7.7061,122.1353,84.7,75,99,4.03
414,Moba,CN,2022-08-01 04:48:56,33.2288,105.0179,75.0,64,99,7.47
415,Aswan,EG,2022-08-01 04:48:57,24.0934,32.907,85.3,21,0,4.61
416,Haines Junction,CA,2022-08-01 04:48:57,60.7522,-137.5108,60.75,67,100,6.91
417,Constantine,DZ,2022-08-01 04:48:58,36.365,6.6147,72.81,40,0,4.61
418,Ballarat,AU,2022-08-01 04:47:52,-37.5662,143.8496,51.6,68,75,11.9
419,Rocha,UY,2022-08-01 04:48:59,-34.4833,-54.3333,44.94,84,13,4.18
420,Terre Haute,US,2022-08-01 04:49:00,39.4667,-87.4139,71.33,91,0,3.44
421,Camacha,PT,2022-08-01 04:49:00,33.0833,-16.3333,67.42,78,75,10.36
422,Ouango,CF,2022-08-01 04:49:01,4.3133,22.5552,67.62,94,100,1.23
423,Talaya,RU,2022-08-01 04:49:01,61.3833,152.75,61.39,59,91,17.72
424,Bethanien,NA,2022-08-01 04:49:02,-26.502,17.1583,42.67,43,41,2.24
425,Grand-Lahou,CI,2022-08-01 04:49:02,5.1367,-5.0242,74.48,81,100,11.74
426,Newport,GB,2022-08-01 04:49:03,51.5877,-2.9984,61.45,81,100,5.06
427,Riyadh,SA,2022-08-01 04:49:03,24.6877,46.7219,87.94,61,100,7.61
428,Raudeberg,NO,2022-08-01 04:49:04,61.9875,5.1352,50.67,69,27,3.36
429,Silver City,US,2022-08-01 04:49:04,32.7701,-108.2803,75.16,56,0,9.22
430,Dwarka,IN,2022-08-01 04:44:50,22.2394,68.9678,82.45,77,97,19.19
431,Mabaruma,GY,2022-08-01 04:49:05,8.2,-59.7833,73.8,95,23,1.88
432,Cooma,AU,2022-08-01 04:45:25,-36.2333,149.1333,49.77,43,6,24.16
433,Khatanga,RU,2022-08-01 04:49:06,71.9667,102.5,47.23,64,98,9.69
434,Impfondo,CG,2022-08-01 04:49:07,1.6381,18.0667,69.87,82,93,2.55
435,Hamilton,US,2022-08-01 04:44:11,39.1834,-84.5333,70.75,93,20,6.91
436,Warrington,GB,2022-08-01 04:49:08,53.3925,-2.5802,52.79,90,75,3.44
437,Codrington,AU,2022-08-01 04:49:08,-38.2667,141.9667,56.48,72,76,17.63
438,Kasane,BW,2022-08-01 04:49:09,-17.8167,25.15,52.47,32,0,6.4
439,Nabire,ID,2022-08-01 04:49:09,-3.3667,135.4833,83.84,71,93,3.94
440,Pionerskiy,RU,2022-08-01 04:49:11,54.9508,20.2275,64.24,76,29,12.24
441,Bikapur,IN,2022-08-01 04:49:12,26.6,82.1333,88.93,61,98,4.36
442,Bandar-E Lengeh,IR,2022-08-01 04:49:13,26.5579,54.8807,93.31,66,94,4.61
443,Sur,OM,2022-08-01 04:49:03,22.5667,59.5289,89.04,59,58,7.36
444,Pouembout,NC,2022-08-01 04:49:14,-21.1333,164.9,74.59,71,86,9.04
445,Richards Bay,ZA,2022-08-01 04:49:15,-28.783,32.0377,60.48,68,100,6.13
446,Namibe,AO,2022-08-01 04:49:16,-15.1961,12.1522,55.35,79,26,11.16
447,Urucara,BR,2022-08-01 04:49:17,-2.5364,-57.76,72.52,94,38,2.44
448,Beroroha,MG,2022-08-01 04:49:17,-21.6667,45.1667,70.5,61,4,3.0
449,Maniitsoq,GL,2022-08-01 04:49:19,65.4167,-52.9,45.73,76,57,5.95
450,Nioro,GM,2022-08-01 04:49:19,13.35,-15.75,71.2,90,100,10.58
451,Vanavara,RU,2022-08-01 04:49:20,60.34,102.2797,76.77,55,15,5.08
452,Southbridge,US,2022-08-01 04:49:21,42.0751,-72.0334,74.16,84,100,4.0
453,Novopokrovka,UA,2022-08-01 04:49:22,49.8425,36.5477,70.43,58,26,12.57
454,Angren,UZ,2022-08-01 04:49:22,41.0167,70.1436,81.45,25,0,5.35
455,Srednekolymsk,RU,2022-08-01 04:49:23,67.45,153.6833,79.27,33,77,13.76
456,Tshikapa,CD,2022-08-01 04:49:24,-6.4167,20.8,69.82,41,13,1.92
457,Loiza,PR,2022-08-01 04:49:25,18.4313,-65.8802,83.07,86,20,11.5
458,Paamiut,GL,2022-08-01 04:49:25,61.994,-49.6678,44.47,90,100,6.35
459,Pacifica,US,2022-08-01 04:44:45,37.6138,-122.4869,67.26,92,100,17.27
460,Ayolas,PY,2022-08-01 04:49:27,-27.4,-56.9,55.04,78,1,5.06
461,Bongandanga,CD,2022-08-01 04:49:28,1.5,21.05,69.26,95,97,2.19
462,Hovd,MN,2022-08-01 04:49:28,48.0056,91.6419,75.22,34,100,2.98
463,Askino,RU,2022-08-01 04:49:29,56.0901,56.5783,67.03,75,71,6.87
464,Kiama,AU,2022-08-01 04:49:29,-34.6833,150.8667,67.37,45,3,5.01
465,Sungairaya,ID,2022-08-01 04:49:30,0.7,108.9,87.44,63,74,5.08
466,Severnoye,RU,2022-08-01 04:49:31,56.3491,78.3619,54.63,94,100,11.95
467,Imeni Poliny Osipenko,RU,2022-08-01 04:49:31,52.4201,136.4853,81.1,63,87,8.57
468,Nova Granada,BR,2022-08-01 04:47:25,-20.5339,-49.3142,70.05,42,0,6.26
469,Khorixas,NA,2022-08-01 04:49:32,-20.3667,14.9667,38.61,95,34,1.81
470,Hobyo,SO,2022-08-01 04:49:33,5.3505,48.5268,78.33,73,0,22.55
471,Sabang,ID,2022-08-01 04:49:33,5.8933,95.3214,82.78,73,100,16.58
472,Carlsbad,US,2022-08-01 04:49:34,33.1581,-117.3506,78.26,87,20,4.61
473,Thunder Bay,CA,2022-08-01 04:45:32,48.4001,-89.3168,60.78,100,100,5.75
474,Cascais,PT,2022-08-01 04:49:35,38.6979,-9.4215,75.51,71,0,8.01
475,Del Rio,US,2022-08-01 04:49:35,29.3627,-100.8968,91.51,29,0,9.22
476,Cabinda,AO,2022-08-01 04:49:36,-5.55,12.2,68.32,94,56,6.76
477,Lasalgaon,IN,2022-08-01 04:49:37,20.15,74.2333,81.18,66,48,11.95
478,Jiblah,YE,2022-08-01 04:49:37,13.9216,44.1467,66.81,62,7,4.14
479,Pinawa,CA,2022-08-01 04:49:38,50.1489,-95.8811,52.99,97,48,4.25
480,Astana,KZ,2022-08-01 04:49:39,51.1801,71.446,73.35,60,20,6.71
481,Wageningen,NL,2022-08-01 04:49:39,51.9667,5.6667,65.1,98,100,3.44
482,Paita,PE,2022-08-01 04:49:40,-5.0892,-81.1144,62.22,85,39,8.3
483,Lake City,US,2022-08-01 04:49:40,30.1897,-82.6393,77.86,83,0,0.0
484,Penzance,GB,2022-08-01 04:49:41,50.1186,-5.5371,59.68,80,94,8.43
485,San Andres,CO,2022-08-01 04:49:42,12.5847,-81.7006,84.22,79,20,17.87
486,Lazaro Cardenas,MX,2022-08-01 04:49:42,17.9583,-102.2,79.45,82,100,3.27
487,Berlevag,NO,2022-08-01 04:49:43,70.8578,29.0864,59.0,82,20,1.14
488,Severo-Kurilsk,RU,2022-08-01 04:49:44,50.6789,156.125,55.98,73,36,8.1
489,Chara,RU,2022-08-01 04:49:44,56.9064,118.2631,74.14,49,90,6.02
490,Razdolinsk,RU,2022-08-01 04:49:46,58.4211,94.6658,64.85,90,100,8.12
491,Nisia Floresta,BR,2022-08-01 04:49:47,-6.0911,-35.2086,77.38,91,92,7.18
492,Kaoma,ZM,2022-08-01 04:49:47,-14.7833,24.8,50.52,45,0,5.57
493,Samarai,PG,2022-08-01 04:49:48,-10.6167,150.6667,81.48,76,9,12.06
494,Sobolevo,RU,2022-08-01 04:49:49,54.4299,31.8996,63.1,80,100,8.61
495,Prince Albert,CA,2022-08-01 04:46:16,53.2001,-105.7677,62.55,94,75,0.0
496,Marystown,CA,2022-08-01 04:49:49,47.1666,-55.1483,59.86,100,17,10.8
497,Biryusinsk,RU,2022-08-01 04:49:50,55.9634,97.8235,80.42,47,10,8.21
498,Gairatganj,IN,2022-08-01 04:49:50,23.4202,78.2385,83.01,68,48,11.05
499,Belyy Yar,RU,2022-08-01 04:49:51,53.6039,91.3903,79.86,53,0,2.24
500,Potamia,GR,2022-08-01 04:49:52,40.7163,24.7286,78.66,57,25,4.79
501,Oyem,GA,2022-08-01 04:49:52,1.5995,11.5793,63.86,98,75,3.2
502,Kaduqli,SD,2022-08-01 04:49:53,11.0167,29.7167,71.4,94,99,5.03
503,Coahuayana,MX,2022-08-01 04:49:53,18.7333,-103.6833,78.66,85,96,1.97
504,Aurillac,FR,2022-08-01 04:49:54,44.9167,2.45,54.48,88,0,3.44
505,Salalah,OM,2022-08-01 04:49:54,17.0151,54.0924,77.09,88,75,6.91
506,Gigmoto,PH,2022-08-01 04:49:55,13.7796,124.39,85.96,70,100,7.67
507,Kattivakkam,IN,2022-08-01 04:49:55,13.2167,80.3167,91.49,70,99,9.93
508,Saint-Francois,FR,2022-08-01 04:49:57,46.4154,3.9054,55.67,94,0,0.0
509,Paramonga,PE,2022-08-01 04:49:57,-10.6667,-77.8333,61.02,89,20,8.25
510,Mananjary,MG,2022-08-01 04:49:58,-21.2167,48.3333,66.9,83,7,3.53
511,Tambovka,RU,2022-08-01 04:49:59,50.0969,128.0489,82.56,59,100,5.79
512,Paragominas,BR,2022-08-01 04:49:59,-2.9667,-47.4833,71.73,97,100,2.37
513,Necochea,AR,2022-08-01 04:50:00,-38.5473,-58.7368,48.81,85,82,7.43
514,La Ronge,CA,2022-08-01 04:46:11,55.1001,-105.2842,55.62,82,20,2.3
515,Ambon,ID,2022-08-01 04:50:01,-3.6954,128.1814,80.74,83,75,4.61
516,Przhevalskoye,RU,2022-08-01 04:50:01,55.5093,31.8482,59.4,72,100,5.44
517,Kisangani,CD,2022-08-01 04:50:02,0.5167,25.2,68.97,99,100,1.14
518,Igarka,RU,2022-08-01 04:50:02,67.4667,86.5833,58.46,45,1,20.02
519,Dergachi,RU,2022-08-01 04:50:03,51.2328,48.7659,74.73,59,14,9.19
520,Launceston,AU,2022-08-01 04:50:04,-41.45,147.1667,50.81,90,75,14.97
521,North Platte,US,2022-08-01 04:50:04,41.1239,-100.7654,75.38,57,0,4.61
522,Tchibanga,GA,2022-08-01 04:50:05,-2.85,11.0333,64.13,99,30,0.87
523,Buchanan,LR,2022-08-01 04:50:05,5.8808,-10.0467,75.4,87,99,9.89
524,Mansehra,PK,2022-08-01 04:50:06,34.3333,73.2,78.17,67,75,1.59
525,Bowen,AU,2022-08-01 04:49:30,-20.0167,148.2333,70.59,74,9,14.07
526,Pangnirtung,CA,2022-08-01 04:50:07,66.1451,-65.7125,46.22,91,100,2.1
527,Fujin,CN,2022-08-01 04:50:07,47.26,132.0322,88.68,55,74,6.69
528,Goderich,CA,2022-08-01 04:50:08,43.7501,-81.7165,71.92,64,17,8.05
529,Powell River,CA,2022-08-01 04:50:08,49.8496,-124.5361,75.99,69,29,2.1
530,Cockburn Town,TC,2022-08-01 04:50:09,21.4612,-71.1419,82.0,83,0,16.58
531,Havre-Saint-Pierre,CA,2022-08-01 04:50:09,50.2334,-63.5986,57.56,94,100,3.44
532,Chingirlau,KZ,2022-08-01 04:50:10,51.095,54.0814,77.38,46,100,8.97
533,Temerloh,MY,2022-08-01 04:50:11,3.4483,102.4176,92.61,50,91,2.42
534,Henderson,US,2022-08-01 04:48:30,36.0397,-114.9819,86.02,61,20,9.22
535,Riobamba,EC,2022-08-01 04:50:12,-1.6667,-78.6333,52.34,88,83,2.33
536,Ewo,CG,2022-08-01 04:50:12,-0.8725,14.8206,70.86,73,31,4.5
537,Kishi,NG,2022-08-01 04:50:13,9.0833,3.85,70.09,92,99,8.84
538,Krasnovishersk,RU,2022-08-01 04:50:14,60.4078,57.082,68.47,72,100,3.83
539,Sembe,CG,2022-08-01 04:50:14,1.6481,14.5806,66.51,93,77,3.13
540,Killybegs,IE,2022-08-01 04:50:15,54.6333,-8.45,50.43,85,26,6.33
541,Bolu,TR,2022-08-01 04:50:15,40.6667,31.5833,67.37,80,64,3.78
542,Puerto Carreno,CO,2022-08-01 04:50:16,6.189,-67.4859,74.82,97,100,4.18
543,Raga,SS,2022-08-01 04:50:16,8.4596,25.678,68.31,95,100,5.1
544,Inhambane,MZ,2022-08-01 04:50:17,-23.865,35.3833,62.58,100,20,4.61
545,Miramar,US,2022-08-01 04:50:18,25.9873,-80.2323,85.01,81,20,11.5
546,Vila Franca Do Campo,PT,2022-08-01 04:50:20,37.7167,-25.4333,70.21,85,1,3.02
547,Macapa,BR,2022-08-01 04:50:21,0.0389,-51.0664,78.78,89,40,2.3
548,Port Augusta,AU,2022-08-01 04:50:21,-32.5,137.7667,64.15,37,1,10.27
549,Puri,IN,2022-08-01 04:50:22,19.8,85.85,90.12,67,100,12.75
550,Uvira,CD,2022-08-01 04:50:23,-3.4067,29.1458,72.64,79,54,3.0
551,Cam Ranh,VN,2022-08-01 04:50:24,11.9214,109.1591,89.56,62,0,9.22
552,Meiningen,DE,2022-08-01 04:50:24,50.5679,10.4152,68.05,95,74,2.84
553,Avanigadda,IN,2022-08-01 04:50:25,16.0215,80.9181,93.24,50,100,6.31
554,Lata,PT,2022-08-01 04:50:26,40.1629,-8.3327,67.51,59,0,1.54
555,Shimoda,JP,2022-08-01 04:50:27,34.6667,138.95,94.1,71,62,14.16
556,Ventspils,LV,2022-08-01 04:50:28,57.3894,21.5606,58.93,100,0,3.44
557,Koungou,YT,2022-08-01 04:50:28,-12.7336,45.2042,73.11,100,0,4.61
558,Cortez,US,2022-08-01 04:50:29,37.3489,-108.5859,66.96,68,0,0.0
559,Rambha,IN,2022-08-01 04:50:30,19.5167,85.1,92.25,58,100,6.4
560,Faya,SA,2022-08-01 04:50:30,18.3851,42.4509,66.72,62,86,2.13
561,Santa Cruz,BO,2022-08-01 04:50:31,-17.8,-63.1667,72.86,73,75,3.44
562,Lima,PE,2022-08-01 04:49:52,-12.0432,-77.0282,57.45,77,100,9.22
563,Lixourion,GR,2022-08-01 04:50:31,38.2019,20.4314,78.26,78,0,8.84
564,Cody,US,2022-08-01 04:50:32,44.5263,-109.0565,77.2,36,0,1.99
565,Kimbe,PG,2022-08-01 04:50:32,-5.5502,150.1429,85.06,68,93,3.78
566,Ialibu,PG,2022-08-01 04:50:33,-6.2821,143.9935,66.88,77,93,3.65
567,Poya,NC,2022-08-01 04:48:14,-21.35,165.15,74.19,72,77,9.35
568,Mandalgovi,MN,2022-08-01 04:50:29,45.7625,106.2708,83.53,25,46,12.33
569,Iquitos,PE,2022-08-01 04:50:35,-3.7481,-73.2472,77.04,94,75,4.61
570,Kashan,IR,2022-08-01 04:50:35,33.9831,51.4364,87.39,25,2,4.61
571,Kupang,ID,2022-08-01 04:50:36,-10.1667,123.5833,84.58,62,46,3.98
572,Goundam,ML,2022-08-01 04:50:36,16.4145,-3.6708,87.66,46,92,12.35
